HTSUS,Rate
0402.99.68,25.0
0402.99.70,25.0
0402.99.90,25.0
1234,25.0
2106.90.99.98,25.0
2710.19.30.50,25.0
2711.12.00.20,25.0
2804.29.00.10,25.0
2804.40.00.00,25.0
2901.22.00.00,25.0
2903.42.10.00,25.0
2903.43.10,25.0
2903.44.10,25.0
2903.45.10,25.0
2903.49.00,25.0
2903.51.10,25.0
2903.59.90,25.0
2903.71.01.00,25.0
3004.90.92.51,25.0
3208.10.00,25.0
3208.20.00,25.0
3208.90.00,25.0
3209.10.00,25.0
3209.90.00,25.0
3213.90.00,25.0
3214.10.00,25.0
3303.00.10,25.0
3303.00.20,25.0
3303.00.30,25.0
3304.30.00,25.0
3304.99.50,25.0
3305.10.00,25.0
3305.30.00,25.0
3305.90.00,25.0
3306.90.00,25.0
3307.10.10,25.0
3307.10.20,25.0
3307.20.00,25.0
3307.49.00,25.0
3307.90.00,25.0
3401.30.10,25.0
3401.30.50,25.0
3402.31.90,25.0
3402.49.90,25.0
3402.50.11,25.0
3402.50.51,25.0
3402.90.10,25.0
3402.90.30,25.0
3402.90.50,25.0
3403.19.10,25.0
3403.19.50,25.0
3403.99.00,25.0
3405.10.00,25.0
3405.20.00,25.0
3405.40.00,25.0
3405.90.00,25.0
3506.10.50,25.0
3506.91.10,25.0
3506.91.50,25.0
3506.99.00,25.0
3808.59.10,25.0
3808.59.40,25.0
3808.61.10,25.0
3808.61.50,25.0
3808.62.10,25.0
3808.62.50,25.0
3808.69.10,25.0
3808.69.50,25.0
3808.91.15,25.0
3808.91.25,25.0
3808.91.30,25.0
3808.91.50,25.0
3808.94.10,25.0
3808.94.50,25.0
3809.91.00,25.0
3810.10.00,25.0
3811.19.00,25.0
3811.21.00,25.0
3814.00.10,25.0
3814.00.20,25.0
3814.00.50,25.0
3820.00.00,25.0
3824.99.93.97,25.0
3827.61.00.00,25.0
3827.62.00.00,25.0
3827.63.00.00,25.0
3827.64.00.00,25.0
3827.65.00.00,25.0
3925.20.00,25.0
3926.90.10,25.0
7206,50.0
7207,50.0
7208,50.0
7209,50.0
7210,50.0
7211,50.0
7212,50.0
7213,50.0
7214,50.0
7215,50.0
7216.10.00,50.0
7216.21.00,50.0
7216.22.00,50.0
7216.31.00,50.0
7216.32.00,50.0
7216.33.00,50.0
7216.40.00,50.0
7216.50.00,50.0
7216.91.00.10,50.0
7216.99.00,50.0
7217,50.0
7218,50.0
7219,50.0
7220,50.0
7221,50.0
7222,50.0
7223,50.0
7224,50.0
7225,50.0
7226,50.0
7227,50.0
7228,50.0
7229,50.0
7301.10.00,50.0
7301.20.10,50.0
7301.20.50,50.0
7302.10,50.0
7302.30.00,50.0
7302.40.00,50.0
7302.90,50.0
7304,50.0
7305,50.0
7306,50.0
7307.19.30,50.0
7307.19.90,50.0
7307.21.10,50.0
7307.21.50,50.0
7307.22.10,50.0
7307.22.50,50.0
7307.23.00,50.0
7307.29.00,50.0
7307.91.10,50.0
7307.91.30,50.0
7307.91.50,50.0
7307.92.30,50.0
7307.92.90,50.0
7307.93.30,50.0
7307.93.60,50.0
7307.93.90,50.0
7307.99.10,50.0
7307.99.30,50.0
7307.99.50,50.0
7308.10.00,50.0
7308.20.00,50.0
7308.30.10,50.0
7308.30.50,50.0
7308.40.00,50.0
7308.90.30,50.0
7308.90.60,50.0
7308.90.70,50.0
7308.90.95,50.0
7309.00.00,50.0
7310.10.00,50.0
7310.21.00,50.0
7310.29.00,50.0
7311.00.00,50.0
7312.10.05,50.0
7312.10.10,50.0
7312.10.20,50.0
7312.10.30,50.0
7312.10.50,50.0
7312.10.60,50.0
7312.10.70,50.0
7312.10.80,50.0
7312.10.90,50.0
7312.90.00,50.0
7313.00.00,50.0
7314.12.10,50.0
7314.12.20,50.0
7314.12.30,50.0
7314.12.60,50.0
7314.12.90,50.0
7314.14.10,50.0
7314.14.20,50.0
7314.14.30,50.0
7314.14.60,50.0
7314.14.90,50.0
7314.19.01,50.0
7314.20.00,50.0
7314.31.10,50.0
7314.31.50,50.0
7314.39.00,50.0
7314.41.00,50.0
7314.42.00,50.0
7314.49.30,50.0
7314.49.60,50.0
7314.50.00,50.0
7315.11.00,50.0
7315.12.00,50.0
7315.19.00,50.0
7315.20.10,50.0
7315.20.50,50.0
7315.81.00,50.0
7315.82.10,50.0
7315.82.30,50.0
7315.82.50,50.0
7315.82.70,50.0
7315.89.10,50.0
7315.89.30,50.0
7315.89.50,50.0
7315.90.00,50.0
7316.00.00,50.0
7317.00.10,50.0
7317.00.20,50.0
7317.00.30,50.0
7317.00.55,50.0
7317.00.65,50.0
7317.00.75,50.0
7318.11.00,50.0
7318.12.00,50.0
7318.13.00,50.0
7318.14.10,50.0
7318.14.50,50.0
7318.15.20,50.0
7318.15.40,50.0
7318.15.50,50.0
7318.15.60,50.0
7318.15.80,50.0
7318.16.00,50.0
7318.19.00,50.0
7318.21.00,50.0
7318.22.00,50.0
7318.23.00,50.0
7318.24.00,50.0
7318.29.00,50.0
7319.40.20,50.0
7319.40.30,50.0
7319.40.50,50.0
7319.90.10,50.0
7319.90.90,50.0
7320.10.30,50.0
7320.10.60,50.0
7320.10.90,50.0
7320.20.10,50.0
7320.20.50,50.0
7320.90.10,50.0
7320.90.50,50.0
7321.11.10,25.0
7321.11.30,25.0
7321.11.60,25.0
7321.12.00,25.0
7321.19.00,25.0
7321.81.10,25.0
7321.81.50,25.0
7321.82.10,25.0
7321.82.50,25.0
7321.89.00,25.0
7321.90.10,25.0
7321.90.20,25.0
7321.90.40,25.0
7321.90.50,25.0
7321.90.60,25.0
7322.19.00,25.0
7322.90.00,25.0
7323.10.00,25.0
7323.91.50.20,25.0
7323.91.50.40,25.0
7323.92.00.20,25.0
7323.92.00.40,25.0
7323.93.00,25.0
7323.94.00,25.0
7323.99.10,25.0
7323.99.30,25.0
7323.99.50,25.0
7323.99.70,25.0
7323.99.90,25.0
7324.10.00,25.0
7324.29.00,25.0
7324.90.00,25.0
7325.10.00.10,50.0
7325.10.00.20,50.0
7325.10.00.25,50.0
7325.10.00.30,50.0
7325.10.00.80,50.0
7325.10.0035,25.0
7325.91.00,50.0
7325.99.10,50.0
7325.99.50,50.0
7326.11.00,50.0
7326.19.00,50.0
7326.20.00.90,50.0
7326.20.0010,25.0
7326.20.0020,25.0
7326.20.0030,25.0
7326.20.0040,25.0
7326.20.0055,25.0
7326.90.10,50.0
7326.90.25,50.0
7326.90.35,25.0
7326.90.45,25.0
7326.90.60,50.0
7326.90.86.05,50.0
7326.90.86.10,50.0
7326.90.86.30,50.0
7326.90.86.35,50.0
7326.90.86.45,50.0
7326.90.86.88,50.0
7326.90.8660,25.0
7326.90.8675,25.0
7326.90.8676,25.0
7326.90.8677,25.0
7614.10.10,50.0
8202.39.0040,25.0
8203.40.60,25.0
8205.59.55,25.0
8205.70.00,25.0
8207.20.0070,25.0
8207.30.6062,25.0
8207.30.6095,25.0
8211.10.00,25.0
8211.91.10,25.0
8211.91.20,25.0
8211.91.25,25.0
8211.91.30,25.0
8211.91.40,25.0
8211.91.50,25.0
8211.91.80,25.0
8211.92.20,25.0
8211.92.40,25.0
8211.92.60,25.0
8211.92.90,25.0
8211.93.00,25.0
8211.94.10,25.0
8211.94.50,25.0
8211.95.10,25.0
8211.95.50,25.0
8211.95.90,25.0
8215.10.00,25.0
8215.20.00,25.0
8215.91.30,25.0
8215.91.60,25.0
8215.91.90,25.0
8215.99.01,25.0
8215.99.05,25.0
8215.99.10,25.0
8215.99.15,25.0
8215.99.20,25.0
8215.99.22,25.0
8215.99.24,25.0
8215.99.26,25.0
8215.99.30,25.0
8215.99.35,25.0
8215.99.40,25.0
8215.99.45,25.0
8215.99.50,25.0
8302.10.60,25.0
8302.41.30,25.0
8302.41.60,25.0
8302.42.30,25.0
8401.40.00,25.0
8407.21.00,25.0
8408.20.10,25.0
8408.20.90,25.0
8409.91.50,25.0
8409.91.92,25.0
8409.91.99,25.0
8409.99.91,25.0
8409.99.92,25.0
8409.99.99,25.0
8417.90.00,25.0
8421.29.00,25.0
8424.10.00,25.0
8424.89.90,25.0
8428.32.00,25.0
8428.33.00,25.0
8428.39.00,25.0
8428.60.00,25.0
8428.70.00,25.0
8428.90.03,25.0
8431.39.00,25.0
8431.41.00,25.0
8454.20.0010,25.0
8454.20.0060,25.0
8455.30.00,25.0
8455.90.40,25.0
8455.90.80,25.0
8457.10.00,25.0
8474.90.00,25.0
8477.10.30,25.0
8477.10.40,25.0
8477.10.90,25.0
8477.90.25,25.0
8477.90.8601,25.0
8479.90.95,25.0
8480.49.0010,25.0
8480.71.8045,25.0
8480.71.8060,25.0
8480.79.9010,25.0
8483.60.80,25.0
8483.90.20,25.0
8501.53.40,25.0
8503.00.45,25.0
8503.00.90,25.0
8504.23.00,25.0
8705.90.00.10,25.0
8705.90.00.20,25.0
8710.00.00,25.0
8711.30.00,25.0
8711.50.00,25.0
8711.60.00,25.0
8714.10.00,25.0
9401.71.00,25.0
9401.79.00,25.0
9403.10.00,25.0
9403.20.00,25.0
9403.99.10,25.0
9403.99.90.10,25.0
9403.99.90.15,25.0
9403.99.90.40,25.0
9403.99.90.45,25.0
9403.99.90.51,25.0
9403.99.90.61,25.0
9405.99.20,25.0
9405.99.40,25.0
9506.91.00,25.0
