hts,desc
73211110,"Iron or steel, portable non-electric domestic cooking appliances and plate warmers, for gas fuel or for both gas and other fuels"
73211130,"Iron or steel, nonportable non-electric domestic stoves or ranges, for gas fuel or for both gas and other fuels"
73211160,"Iron or steel, nonportable non-electric domestic cooking appliances (other than stoves or ranges) and plate warmers, for gas fuel or both gas and other fuels"
73211200,"Iron or steel, non-electric domestic cooking appliances and plate warmers, for liquid fuels"
73211900,"Iron or steel, non-electric domestic cooking appliances and plate warmers, other than for gas or liquid fuels"
73218110,"Iron or steel, portable non-electric domestic grates and warming appliances (other than cooking or plate warmers), for gas fuel or both gas and other fuels"
73218150,"Iron or steel, nonportable non-electric domestic grates and warming appliances (other than cooking or plate warmers), for gas fuel or both gas and other fuels"
73218210,"Iron or steel, portable non-electric domestic grates and warming appliances (other than cooking or plate warmers), for liquid fuels"
73218250,"Iron or steel, nonportable non-electric domestic grates and warming appliances (other than cooking or plate warmers), for liquid fuels"
73218900,"Iron or steel, non-electric domestic grates and warming appliances (other than cooking or plate warmers), other than for gas or liquid fuels"
73219010,"Iron or steel, cooking chambers for nonportable non-electric domestic stoves or ranges, for gas or for both gas and other fuels"
73219020,"Iron or steel, top surface panels with or without burners or controls for nonportable non-electric domestic stoves or ranges, for gas or for both gas and other fuels"
73219040,"Iron or steel, door assembly with more than one inner panel, outer panel, window or insulation, for non-electric stoves or ranges, for gas or for both gas and other fuels"
73219050,"Iron or steel, parts of nonportable non-electric domestic stoves or ranges, nesoi, for gas fuel or for both gas and other fuels"
73219060,"Iron or steel, parts, of nonelectric domestic cooking and warming appliances, nesoi"
73221900,"Iron (other than cast) or steel, non-electrically heated radiators and parts thereof, for central heating"
73229000,"Iron or steel, non-electrically heated air heaters and hot air distributors with motor-driven fan or blower and parts thereof 14"
73231000,"Iron or steel wool; iron or steel pot scourers and scouring or polishing pads, gloves and the like"
73239300,"Stainless steel, table, kitchen or other household articles and parts thereof"
73239400,"Iron (other than cast) or steel (other than stainless), table, kitchen or other household articles and parts thereof, enameled"
73239910,"Iron (other than cast) or steel (other than stainless), table, kitchen or other household articles and parts thereof, not enameled but plated or coated with silver"
73239930,"Iron (other than cast) or steel (other than stainless), table, kitchen or other household articles and parts thereof, not enameled but plated or coated with precious metal other than silver"
73239950,"Tinplate, table, kitchen or other household articles and parts thereof, not coated or plated with precious metal"
73239970,"Iron (other than cast) or steel (other than tinplate or stainless), cookingware, not coated or plated with precious metal"
73239990,"Iron (other than cast) or steel (other than tinplate or stainless), table, kitchen (other than cookingware) or other household articles and parts thereof, not coated or plated with precious metal"
73241000,"Stainless steel, sinks and wash basins"
73242900,"Iron (other than cast) or steel, baths (whether or not enameled)"
73249000,"Iron or steel, sanitary ware (other than baths or stainless steel sinks and wash basins) and parts thereof"
7325100035,Meter boxes of nonmalleable cast iron
7326200010,Belts and belting of iron or steel wire
7326200020,Garment wire hangers of iron or steel
7326200030,"Sod staples, U staples, irrigation staples, ground staples and ground pins, articles of iron or steel wire (not household articles)"
7326200040,"Double loop bar ties and double loop wire ties, articles of iron or steel wire (not household articles)"
7326200055,Paint roller frames of iron or steel wire
73269035,"Containers of a kind normally carried on the person, in the pocket or in the handbag, of iron or steel"
73269045,Horse and mule shoes of iron or steel
7326908660,Ladders of iron or steel
7326908675,"Paint roller frames of iron or steel, other than wire"
7326908676,"Metal handles for brooms, mops, paint applicators and similar products"
7326908677,Burial caskets of iron or steel
8202390040,"Diamond sawblade cores, of base metal, and parts thereof"
82034060,"Pipe cutters, bolt cutters, perforating punches and similar tools, nesoi, and base metal parts thereof"
82055955,"Iron or steel handtools (other than household, other than caulking guns) nesoi, and base metal parts thereof"
82057000,"Vises, clamps and the like, and base metal parts thereof"
82111000,"Sets of assorted knives with cutting blades, serrated or not (including pruning knives) 15"
82119110,Table knives with fixed blades and silver-plated handles
82119120,"Table knives with fixed blades, with stainless steel handles with nickel or containing over 10% by weight of manganese, with an overall length of 25.9 cm or less and valued at less than 25 cents each"
82119125,"Table knives with fixed blades, with stainless steel handles containing nickel or over 10% by weight of manganese, nesoi"
82119130,"Table knives with fixed blades, with stainless steel handles, nesoi, not over 25.9 cm in overall length and valued at less than 25 cents each"
82119140,"Table knives with fixed blades, with stainless steel handles, nesoi"
82119150,"Table knives with fixed blades, with rubber or plastic handles"
82119180,"Table knives with fixed blades, with handles other than of silver-plate, stainless steel, rubber or plastics"
82119220,"Kitchen and butcher knives with fixed blades, with rubber or plastic handles"
82119240,"Knives with fixed blades (other than table or kitchen and butcher knives), with rubber or plastic handles"
82119260,"Hunting knives with fixed blades, with wood handles"
82119290,"Knives with fixed blades (other than table knives, other knives with rubber or plastic handles, or hunting knives with wood handles)"
82119300,Knives having other than fixed blades
82119410,Base metal blades for knives having fixed blades
82119450,Base metal blades for knives having other than fixed blades
82119510,Base metal handles for table knives with fixed blades
82119550,Base metal handles for knives (other than table knives) with fixed blades
82119590,Base metal handles for knives having other than fixed blades
82151000,"Sets of assorted base metal spoons, forks, ladles, etc. and similar kitchen or tableware, with at least one article plated with precious metal"
82152000,"Sets of assorted base metal spoons, forks, ladles, etc. and similar kitchen or tableware, with no articles plated with precious metal"
82159130,Base metal forks plated with precious metal
82159160,Base metal spoons and ladles plated with precious metal
82159190,"Base metal skimmers, cake-servers, fish-knives, etc. and similar kitchen or tableware and parts, plated with precious metal"
82159901,"Base metal forks, with stainless steel handles containing nickel or over 10% by weight of manganese, with an overall length not over 25.9 cm, valued at under 25 cents each"
82159905,"Base metal forks, with stainless steel handles containing nickel or over 10% by weight of manganese, nesoi"
82159910,"Base metal forks, with stainless steel handles, nesoi, valued at under 25 cents each"
82159915,"Base metal forks, with stainless steel handles, nesoi, valued at 25 cents each or more"
82159920,"Base metal forks, with rubber or plastic handles"
82159922,"Base metal forks, without their handles"
82159924,"Base metal table forks and barbecue forks, with wood handles 16"
82159926,"Base metal forks (other than plated with precious metal or with handles of stainless steel, wood, rubber or plastics), nesoi"
82159930,"Base metal spoons, with stainless steel handles and valued at under 25 cents each"
82159935,"Base metal spoons, with stainless steel handles and valued at 25 cents and over, and base metal ladles with stainless steel handles"
82159940,Base metal spoons and ladles with handles of base metal (other than stainless steel) or with nonmetal handles
82159945,"Base metal spoons and ladles, nesoi"
82159950,"Base metal skimmers, cake-servers, butter-knives, sugar tongs and similar kitchen or tableware, and base metal parts thereof (including parts of forks or spoons)"
83021060,"Hinges, of base metal, other"
83024130,"Base metal door closers (except automatic door closers) suitable for buildings, and base metal parts thereof"
83024160,"Iron or steel, aluminum or zinc mountings, fittings and similar articles, nesoi, suitable for buildings, and base metal pts thereof"
83024230,"Other mountings, fittings and similar articles, suitable for furniture, of"
83024960,"Other mountings, fittings and similar articles, of base metal, other"
83052000,"Base metal staples in strips (e.g., for offices, upholstery, packaging)"
83071060,"Iron or steel flexible tubing, without fittings"
8309900080,"Other stoppers, caps, lids, and other packaging accessories and parts thereof made of steel"
84031000,Central heating boilers (other than those of heading 8402)
84069040,"Parts of steam turbines, blades, rotating or stationary"
84079010,"Spark-ignition rotary or reciprocating internal-combustion piston engines nesoi, installed in agricultural or horticultural machinery or equipment"
84079090,"Spark-ignition rotary or reciprocating internal-combustion piston engines, for machinery or equipment, nesoi"
84109000,"Parts, including regulators, for hydraulic turbines and water wheels"
84118180,"Gas turbines other than turbojets or turbopropellers, of a power not exceeding 5,000 kW, other than aircraft"
84122100,"Hydraulic power engines and motors, linear-acting (cylinders)"
84122980,Other hydraulic power engines and motors
8412909070,"Wind turbine blades, imported in accordance with statistical note 2 of chapter 84 to the HTSUS"
8412909075,Wind turbine hubs
84138100,Pumps
8413919055,"Parts of hydraulic fluid power pumps, fluid end blocks"
8413919060,"Parts of hydraulic fluid power pumps, other than fluid end blocks"
8413919096,"Parts of pumps, other"
84143040,Compressors of a kind used in refrigerating equipment
84148016,Other air or gas compressors
84149030,Parts of air or gas compressors 17
84149041,Parts of fans
84151030,"Window- or wall-type air conditioning machines, self-contained"
84151060,"Air-conditioning machines, window- or wall-types, other"
84151090,"Air-conditioning machines, window- or wall-types, other"
84158101,"Other air-conditioning machines, incorporating a refrigerating unit and a valve for reversal of the cooling/heat cycle"
84158201,"Other air-conditioning machines, incorporating a refrigerating unit"
84158300,"Other air-conditioning machines, not incorporating a refrigerating unit"
84159040,Parts of air-conditioning machines
84159080,Parts of air-conditioning machines
84181000,"Combined refrigerator-freezers, fitted with separate external doors"
84182100,"Refrigerators, household compression-type, electric or other, other than those of subheading 8418.10"
84182920,"Refrigerators, household type, electric or other, other than those of subheading 8418.10, nesoi"
84183000,"Freezers of the chest type, not exceeding 800 l capacity"
84184000,"Freezers of the upright type, not exceeding 900 l capacity"
84189940,"Certain door assemblies for refrigerators, freezers and other refrigerating or freezing equipment"
84198150,"Machinery for making hot drinks or for cooking or heating food, other"
84221100,Dishwashing machines of the household type
84254200,"Jacks and hoists, hydraulic"
84262000,Tower cranes
84264900,"Derricks, cranes and other lifting machinery nesoi, self-propelled, not on tires"
84269900,"Derricks, cranes and other lifting machinery nesoi"
84271040,"Self-propelled works trucks powered by an electric motor, rider-type forklift trucks"
84271080,"Self-propelled works trucks powered by an electric motor, fitted with lifting and handling equipment, nesoi"
84272040,"Self-propelled works trucks not powered by an electric motor, rider-type forklift trucks"
84272080,"Self-propelled works trucks not powered by an electric motor, fitted with lifting and handling equipment, nesoi"
84279000,"Trucks, fitted with lifting or handling equipment, nesoi"
84291100,"Self-propelled bulldozers and angledozers, for track laying"
84291900,"Self-propelled bulldozers and angledozers, other than for track laying"
84292000,Self-propelled graders and levelers
84293000,Self-propelled scrapers
84294000,Self-propelled tamping machines and road rollers
84295110,"Self-propelled front-end shovel loaders, wheel-type"
84295150,"Self-propelled front-end shovel loaders, other than wheel-type"
84295210,"Self-propelled backhoes, shovels, clamshells and draglines with a 360-degree revolving superstructure 18"
84295250,"Self-propelled machinery with a 360-degree revolving superstructure, other than backhoes, shovels, clamshells and draglines"
84295910,"Self-propelled backhoes, shovels, clamshells and draglines not with a 360- degree revolving superstructure"
84295950,"Self-propelled machinery not with a 360-degree revolving superstructure, other than backhoes, shovels, clamshells and draglines"
84312000,Parts suitable for use solely or principally with the machinery of heading
8427,
84313100,"Parts suitable for use solely or principally with passenger or freight elevators other than continuous action, skip hoists or escalators"
84314200,"Bulldozer or angledozer blades suitable for use solely or principally with the machinery of headings 8426, 8429 or 8430"
84314340,Parts for offshore oil and natural gas drilling and production platforms
84314380,"Parts for boring or sinking machinery of headings 8430.41 or 8430.49, nesoi"
84314910,"Parts suitable for use solely or principally with the machinery of heading 8426, nesoi"
84314990,Parts suitable for use solely or principally with the machinery of headings
8429,"or 8430, nesoi"
84321000,Plows for soil preparation or cultivation
84329000,"Parts of agricultural, horticultural or forestry machinery for soil preparation or cultivation; parts of lawn or sports ground rollers"
84331100,"Mowers for lawns, parks or sports grounds, powered, with the cutting device rotating in a horizontal plane"
84332000,"Mowers nesoi, including cutter bars for tractor mounting"
84335100,Combine harvester-threshers
84335900,"Harvesting machinery or threshing machinery, nesoi"
84339010,"Parts of mowers for lawns, parks or sports grounds"
84339050,"Parts for machinery of heading 8433, nesoi"
84431600,Flexographic printing machinery
84501100,"Household- or laundry-type washing machines, each of a dry linen capacity not exceeding 10 kg, fully automatic"
84502000,"Household- or laundry-type washing machines, each of a dry linen capacity exceeding 10 kg"
84512100,"Drying machines, each of a dry linen capacity not exceeding 10 kg"
84512900,"Drying machines for yarns, fabrics or made up textile articles, each of a dry linen capacity exceeding 10 kg"
84798955,"Electromechanical appliances with self-contained electric motor, trash compactors"
84798965,"Machines and mechanical appliances having individual functions, other"
84799045,Parts of machines and mechanical appliances
84799055,"Parts of trash compactors, ram assemblies"
84799065,"Parts of trash compactors, container assemblies"
84799075,Parts of machines and mechanical appliances
84799085,Parts of machines and mechanical appliances
8482105004,Unground bearings 19
8482105008,Thrust ball bearings
8482105012,Linear ball bearings
8482105016,"Angular contact bearings, wheel hub units, flanged"
8482105024,"Angular contact bearings, wheel hub units, other than flanged"
8482105028,"Angular contact ball bearings, nesoi"
8482105032,"Radial bearings, single row, maximum or full capacity type"
8482105036,"Radial bearings, single row, having an outside diameter of under 9 mm"
8482105052,"Radial bearings, single row, having an outside diameter of over 52 mm but not over 100 mm"
8482105056,"Radial bearings, single row, having an outside diameter of over 100 mm"
8482105060,"Ball bearings, double row, radial"
8482105064,"Radial ball bearings, nesoi"
8482105068,"Ball bearings, nesoi"
8482200064,"Tapered roller bearings, cup and cone assemblies entered as a set, with cups having an outside diameter exceeding 203 mm but not exceeding 305 mm"
8482200067,"Tapered roller bearings, cup and cone assemblies entered as a set, exceeding 305 mm"
8482200090,"Tapered roller bearings, cone assemblies entered separately, exceeding 203 mm"
84829905,Inner or outer rings or races for ball bearings
84829915,Inner or outer rings or races for taper roller bearings
84829925,"Inner or outer rings or races for other bearings, nesoi"
84829935,"Parts of ball bearings (including parts of ball bearings with integral shafts), nesoi"
84829945,"Parts of tapered roller bearings, nesoi"
84829965,"Parts of other ball or roller bearings, nesoi"
8483101010,"Transmission shafts, of iron or steel"
8483101050,"Transmission shafts, of iron or steel"
84831050,"Transmission shafts, other"
84832040,"Housed bearings of the flange, take-up, cartridge and hanger unit type (incorporating ball or roller bearings)"
84832080,"Housed bearings (incorporating ball or roller bearings), nesoi"
84833040,"Bearing housings, not incorporating ball or roller bearings"
84833080,"Bearing housings, other"
84834010,Gears and gearing
8483405020,"Gear boxes and speed changers for wind turbines, as described in statistical note 6 to chapter 84 of the HTSUS"
84834090,"Gears and gearing, other"
84835060,Flywheels and pulleys
84835090,"Flywheels and pulleys, other"
84836040,Clutches and shaft couplings
84839030,"Parts of transmission shafts, gears and gearing"
84839050,Parts of flywheels and pulleys
84839070,Parts of articles of subheading 8483.20 20
84839080,"Parts, other"
85015360,"AC motors, multi-phase, of an output exceeding 375 kW"
85015380,"Ac motors nesoi, multi-phase, of an output exceeding 150 kW"
8501640110,For wind-powered generating sets classified within heading 8502.31.00
85023100,"Electric generating sets, wind-powered"
85030035,"Parts of electric motors under 18.65 W, stators and rotors"
85030065,"Stators and rotors for electric motors and generators of heading 8501, nesoi"
85030075,"Parts of electric motors under 18.65 W, other than commutators, stators or rotors"
85030095,"Other parts, nesoi, suitable for use solely or principally with the machines in headings 8501 or 8502"
85042100,Liquid dielectric transformers having a power-handling capacity not exceeding 650 kVA
85042200,"Liquid dielectric transformers having a power-handling capacity exceeding 650 kVA but not exceeding 10,000 kVA"
85043200,"Electrical transformers other than liquid dielectric, having a power-handling capacity exceeding 1 kVA but not exceeding 16 kVA"
85043300,"Electrical transformers other than liquid dielectric, having a power-handling capacity exceeding 16 kVA but not exceeding 500 kVA"
8504909634,"Laminations for incorporation into stacked cores, transformer parts"
8504909638,Stacked cores for incorporation into transformer parts
8504909642,Wound cores for incorporation into transformer parts
85098020,"Electromechanical kitchen waste disposers (disposals), with self-contained electric motor, for domestic uses"
85142040,"Industrial or laboratory electric furnaces and ovens, other"
85142060,"Industrial or laboratory microwave ovens, nesoi"
85162900,"Electric space-heating apparatus and electric soil-heating apparatus, other than storage-heating radiators"
85166040,"Electrothermic cooking stoves, ranges and ovens (excluding microwave ovens), of a kind used for domestic purposes"
85166060,"Electrothermic cookers, cooking plates, boiling rings, grillers and roasters, nesoi, of a kind used for domestic purposes"
85479000,"Electrical conduit tubing and joints therefor, of base metal lined with insulating material; insulating fittings for electrical goods nesoi"
86011000,Rail locomotives powered from an external source of electricity
86012000,Rail locomotives powered by electric accumulators (batteries)
86021000,Diesel-electric locomotives
86029000,"Rail locomotives (other than diesel-electric), non-electric; locomotive tenders"
86031000,"Self-propelled railway or tramway coaches, vans and trucks (other than those of heading 8604), powered from an external source of electricity"
86039000,"Self-propelled railway or tramway coaches, vans and trucks (other than those of heading 8604), other than powered from an external source of electricity"
86040000,"Railway or tramway maintenance or service vehicles, whether or not self- propelled 21"
86050000,"Railway or tramway passenger coaches and special-purpose railway or tramway coaches, not self-propelled"
86061000,"Railway or tramway tank cars, not self-propelled"
86071100,"Parts of railway or tramway locomotives or rolling stock, truck assemblies for self-propelled vehicles"
86071903,Axles for railway or tramway locomotives or rolling stock
86071906,"Parts of railway or tramway locomotives or rolling stock, parts of axles"
86071912,"Parts of railway or tramway locomotives or rolling stock, wheels, whether or not fitted with axles"
86071915,"Parts of railway or tramway locomotives or rolling stock, parts of wheels"
86071990,"Parts of railway or tramway locomotives or rolling stock, parts of truck assemblies for self-propelled vehicles or for non-self-propelled stock nesoi"
86072150,"Parts of railway or tramway locomotives or rolling stock, air brakes and parts thereof for self-propelled vehicles or non-self-propelled stock nesoi"
8607301010,Assembled freight rail couplers
8607301050,Freight rail coupler parts
8607301090,Assembled freight rail couplers
86073050,"Parts of railway or tramway locomotives or rolling stock, hooks and other coupling devices, buffers, parts thereof, for stock of headings 8601 to 8605"
86079100,"Parts, nesoi, of railway or tramway locomotives"
86079950,"Parts, nesoi, of railway or tramway rolling stock, nesoi"
86090000,Containers (including containers for the transport of fluids) specially designed and equipped for carriage by one or more modes of transport
87011001,"Single-axle tractors, other than tractors of heading 8709"
8701210080,"Road tractors for semi-trailers, compression ignition engine, used"
8701220080,"Road tractors for semi-trailers, compression ignition engine and electric motor, used"
8701230080,"Road tractors for semi-trailers, spark ignition engine and electric motor, used"
8701240080,"Road tractors for semi-trailers, electric motor, used"
8701290080,"Road tractors for semi-trailers, used, nesoi"
87013010,"Track-laying tractors, suitable for agricultural use"
87013050,"Track-laying tractors, not suitable for agricultural use"
87019110,"Other tractors of engine power not exceeding 18 kW, for agricultural use"
87019150,"Other tractors of engine power not exceeding 18 kW, not for agricultural use"
87019210,"Other tractors of engine power exceeding 18 kW but not exceeding 37 kW, for agricultural use"
87019250,"Other tractors of engine power exceeding 18 kW but not exceeding 37 kW, not for agricultural use"
87019310,"Other tractors of engine power exceeding 37 kW but not exceeding 75 kW, for agricultural use"
87019350,"Other tractors of engine power exceeding 37 kW but not exceeding 75 kW, not for agricultural use"
87019410,"Other tractors of engine power exceeding 75 kW but not exceeding 130 kW, for agricultural use 22"
87019450,"Other tractors of engine power exceeding 75 kW but not exceeding 130 kW, not for agricultural use"
87019510,"Other tractors of engine power exceeding130 kW, for agricultural use"
87019550,"Other tractors of engine power exceeding130 kW, not for agricultural use"
87021031,"Motor vehicles with diesel engine, to transport 16 or more persons, including driver"
87021061,"Motor vehicles with diesel engine, to transport 10 to 15 persons, including driver"
87031010,Motor vehicles specially designed for traveling on snow
87031050,Golf carts and similar motor vehicles
87032101,"Motor vehicles to transport persons, with spark-ignition internal-combustion piston engines, of a cylinder capacity not exceeding 1,000 cc"
87051000,"Motor vehicles (other than for transport of persons or of goods), mobile cranes"
87052000,"Motor vehicles (other than for transport of persons or of goods), mobile drilling derricks"
87060030,"Chassis fitted with engines, for tractors suitable for agricultural use"
87081030,"Parts and accessories for motor vehicles of headings 8701 to 8705, bumpers"
87082921,Body stampings for tractors suitable for agriculture
87084030,"Parts and accessories of tractors suitable for agricultural use, gear boxes"
87084060,"Parts and accessories of tractors suitable for agricultural use, parts for gear boxes"
87089210,"Parts and accessories of tractors suitable for agricultural use, mufflers and exhaust pipes"
87089250,"Parts and accessories of motor vehicles of heading 8701, nesoi, and of headings 8702–8705, mufflers and exhaust pipes"
87089260,"Parts and accessories, nesoi, of tractors suitable for agricultural use, parts of mufflers"
87089275,"Parts and accessories, nesoi, of motor vehicles of heading 8701, nesoi, and of headings 8702–8705, parts of mufflers, nesoi"
87089315,"Parts and accessories of tractors suitable for agricultural use, clutches"
87089330,"Parts and accessories of tractors suitable for agricultural use, parts of clutches"
87089923,"Parts and accessories, nesoi, of tractors suitable for agricultural use"
87089981,"Parts and accessories, nesoi, of motor vehicles of heading 8701, nesoi, and of headings 8702–8705"
87161000,"Trailers and semi-trailers, not mechanically propelled, for housing or camping"
87163900,"Trailers and semi-trailers, not mechanically propelled, nesoi, for the transport of goods"
87168010,"Farm wagons and carts, not mechanically propelled"
87168050,"Vehicles, not mechanically propelled, nesoi"
87169010,Parts of farm wagons and carts
87169030,"Parts of vehicles, not mechanically propelled, castors (other than castors of heading 8302)"
87169050,Other parts for trailers and semi-trailers
9403999020,"Welded wire-rack decking, whether or not galvanized, plated or coated 23"
94062000,Prefabricated buildings of steel
94069001,"Prefabricated buildings, not of wood or steel, nesoi 24"
7615102015,"Aluminum cast bakeware (cookware not suitable for stovetop use), enameled, glazed, or containing nonstick interior finishes"
7615102025,"Cast aluminum cooking and kitchen ware, nesoi, enameled, glazed, or containing nonstick interior finishes"
7615103015,"Aluminum bakeware (cookware not suitable for stovetop use), enameled or glazed, or containing nonstick interior finishes, not cast"
7615103025,"Aluminum cooking and kitchen ware, enameled or glazed, or containing nonstick interior finishes, not cast"
7615105020,"Cast aluminum bakeware (cookware not suitable for stovetop use), not enameled or glazed or containing nonstick interior finishes"
7615105040,"Cast aluminum cooking and kitchenware, not enameled or glazed or containing nonstick interior finishes"
7615107125,"Aluminum containers suitable for food preparation, baking, reheating or storage, 0.04 mm or more but not over 0.22 mm in thickness"
7615107130,"Aluminum bakeware (cookware not suitable for stovetop use), not cast, not enameled or glazed and not containing nonstick interior finishes"
7615107155,"Aluminum cooking ware, nesoi, not cast, not enameled or glazed and not containing nonstick interior finishes"
7615107180,"Other aluminum kitchen ware, nesoi"
76151091,"Aluminum table, kitchen or other household articles and parts thereof, nesoi"
76152000,Aluminum sanitary ware and parts thereof
76169910,Aluminum luggage frames
7616995130,Aluminum ladders
7616995140,Aluminum venetian blinds and parts thereof
83021030,"Hinges and parts thereof, of iron or steel, aluminum or zinc, designed for motor vehicles"
83021060,"Hinges, of base metal, of iron or steel, aluminum, or other"
83022000,"Castors, of base metal"
8302303010,"Pneumatic cylinders for lifting, lowering, dampening or counterbalancing, suitable for motor vehicles, of iron or steel, aluminum or zinc and parts thereof"
8302303060,"Other mountings, fittings and similar articles suitable for motor vehicles, and parts thereof, of iron or steel, aluminum or zinc"
83024130,"Door closers (except automatic door closers) and parts thereof, of base metal, suitable for buildings"
8302416015,"Doorstops, chain door fasteners, door pulls, kick plates, door knockers and escutcheons of iron, steel, aluminum or zinc (not for garage, overhead or sliding doors)"
8302416045,"Door hardware nesoi of iron or steel, aluminum or zinc"
8302416050,"Mountings, fittings, etc. for curtains, draperies and window shades, of iron, steel, aluminum or zinc"
8302416080,"Other mountings, fittings, etc. for buildings, of iron, steel, aluminum or zinc 25"
83024230,"Mountings, fittings and similar articles, suitable for furniture, of iron or steel, aluminum, or zinc"
83024960,"Other mountings, fittings and similar articles, of iron or steel, aluminum, or zinc"
83025000,"Hat-racks, hat pegs, brackets and similar fixtures, and parts thereof, of base metal"
83026030,"Automatic door closers, of base metal"
83026090,"Parts of automatic door closers, base metal"
8305100050,"Fittings for looseleaf binders or files, of base metal, other than ring binder mechanisms"
83063000,"Photograph, picture or similar frames; mirrors; parts thereof, of base metal"
83079060,"Flexible tubing of base metal other than iron or steel, without fittings"
8309900020,"Alum stoppers, caps, lids for cans of a kind used for the conveyance of beverages as described in statistical note 1 to chapter 83 of the HTSUS"
8309900025,"Other aluminum stoppers, caps and lids nesoi (not crown corks), capsules for bottles, threaded bungs, bung covers, seals and other packing accessories and parts"
8412909070,Wind turbine blades imported in accordance with statistical note 2 to chapter 84 of the HTSUS
8412909075,Wind turbine hubs
8414596590,"Fans, other"
84148016,Other air or gas compressors
8415908010,"Air-conditioning evaporator coils, of copper or copper alloys"
8415908020,"Air-conditioning evaporator coils, other"
8415908045,Parts of automative air-conditioning machines
8415908085,Parts of heat pumps for air-conditioning machines
84181000,"Combined refrigerator-freezers, fitted with separate external doors"
8418998005,"Refrigeration condensing units, not exceeding 746 W"
8418998050,Parts of combined refrigerator-freezers fitted with separate external doors and parts of household type refrigerators
8418998060,"Parts of refrigerators, freezers and other refrigerating or freezing equipment, nesoi"
84195010,Heat exchange units
84195050,"Heat exchange units, other"
84199010,Parts of machinery for treatment of materials by temperature
8422900640,Parts of dishwashing machines
8424909080,"Parts of mechanical appliances for projecting, dispersing, spraying liquid or powder; spray guns and similar appliances, nesoi"
84431600,Flexographic printing machinery
84501100,"Household- or laundry-type washing machines, each of a dry linen capacity not exceeding 10 kg, fully automatic"
84512100,"Drying machines, each of a dry linen capacity not exceeding 10 kg"
84672200,"Electromechanical saws for working in the hand, with self-contained electric motor 26"
84672900,"Electromechanical tools for working in the hand, other than drills or saws, with self-contained electric motor"
84678100,"Chain saws for working in the hand, hydraulic or with self-contained nonelectric motor"
84678950,"Other tools for working in the hand, hydraulic or with self-contained nonelectric motor, other than suitable for metal working, nesoi"
84799085,"Parts of trash compactors, nesoi"
8481909060,"Valve bodies, nesoi"
8481909085,"Parts of taps, cocks, valves and similar appliances, nesoi"
8483405020,Gear boxes and speed changers for wind turbines described in statistical note 6 to chapter 84 of the HTSUS
8483905020,Parts of gear boxes and speed changers for wind turbines
8487900080,"Machinery parts not containing electrical features, and not specified or included elsewhere in chapter 84 of the HTSUS, except ships’ propellers"
8501640110,"AC generators (alternators), of an output exceeding 750 kVa for wind- powered generating sets, classified within heading 8502.31.00"
85022000,"Electric generating sets, spark-ignition internal-combustion piston engines"
85023100,"Electric generating sets, wind-powered"
8503009520,"Electric motor parts, nesoi"
8503009546,Generator parts for AC generators (alternators) classified within heading
8501640021,
8503009570,Parts of wind-powered generating sets classified in subheading 8502.31
85043120,"Transformers, electric, having a power-handling capacity not exceeding 1 kVA"
85043140,"Transformers, electric, having a power-handling capacity not exceeding 1 kVA"
85043160,"Transformers, electric, having a power-handling capacity not exceeding 1 kVA"
85043300,"Transformers, electric, having a power-handling capacity exceeding 16 kVA but not exceeding 500 kVA"
85049041,Parts of power supplies (other than printed circuit assemblies) for automatic data processing machines or units thereof of heading 8471
85087000,Vacuum cleaner parts
85139020,Flashlight parts
85159020,Welding machine parts and parts of apparatus
85169050,"Microwave oven parts of subheading 8516.50, nesoi"
8516908050,"Parts for electric cooking stoves, range and ovens of subheading 8516.60.40, nesoi"
85177100,Antennae and antenna reflectors and parts thereof
85299073,"Printed circuit assembly parts, including face plates and lock latches, of radar, radio navigational aid or radio remote control apparatus, nesoi"
8536908585,"Electrical apparatus for switching or protecting electrical circuits, or for making connection with electrical circuits, for a voltage not exceeding 1,000 V, nesoi 27"
85381000,"Boards, panels, consoles, desks, cabinets and other bases for the goods of heading 8537, not equipped with their apparatus"
8543908885,"Parts of electrical machines and apparatus, other"
85441900,"Insulated (including enameled or anodized) winding wire, other than of"
85444290,"Insulated electric conductors nesoi, for a voltage not exceeding 1,000 v, fitted with connectors, nesoi"
85444920,"Insulated electric conductors for a voltage not exceeding 80 V, not fitted with connectors, of a kind not used for telecommunications"
85444990,"Insulated electric conductors for a voltage not exceeding 1,000 V, nesoi"
85446020,"Insulated electric conductors with connectors, for a voltage exceeding 1,000 V"
85446060,"Insulated electric conductors for a voltage exceeding 1,000 V, nesoi"
8547900020,Electrical conduit tubing lined with insulation
8547900030,"Electrical conduit joints lined with insulation, threaded"
8547900040,"Electrical conduit joints lined with insulation, nesoi"
87081030,"Parts and accessories for motor vehicles of headings 8701–8705, bumpers"
87081060,"Parts and accessories of motor vehicles of headings 8701–8705, parts of bumpers"
8708295160,"Other parts and accessories, nesoi, of bodies (including cabs) of headings"
8701,to 8705
87082921,Body stampings for tractors suitable for agriculture
8708806590,"Suspension system parts other than beam hangers, of motor vehicles, nesoi, of headings 8701–8705"
8708996890,"Parts of motor vehicles, nesoi, of headings 8701–8705, for power trains"
87161000,"Trailers and semi-trailers, not mechanically propelled, for housing or camping"
87163900,"Trailers and semi-trailers, not mechanically propelled, nesoi, for the transport of goods"
87169050,Other parts for trailers and semi-trailers
8716805010,Industrial hand trucks 28
85444210,"Insulated electric conductors nesoi, for a voltage not exceeding 1,000 V, fitted with modular telephone connectors"
85444220,"Insulated electric conductors nesoi, used for telecommunications, for a voltage not exceeding 1,000 V, fitted with connectors"
85444290,"Insulated electric conductors nesoi, for a voltage not exceeding 1,000 V, fitted with connectors, nesoi"
85444910,"Insulated electric conductors of a kind used for telecommunications, for a voltage not exceeding 80 V, not fitted with connectors 29"
